{
  "project_info": {
    "project_number": "1067719693166",
    "firebase_url": "https://golden-boot-65767110.firebaseio.com",
    "project_id": "golden-boot-65767110",
    "storage_bucket": "golden-boot-65767110.appspot.com"
  },
  "client": [
    {
      "client_info": {
        "mobilesdk_app_id": "1:1067719693166:android:f81a07501c75aa7d",
        "android_client_info": {
          "package_name": "com.nordeus.goldenboot"
        }
      },
      "oauth_client": [
        {
          "client_id": "1067719693166-nvuv7kgakjqfe070g423udlbbsn7pkee.apps.googleusercontent.com",
          "client_type": 1,
          "android_info": {
            "package_name": "com.nordeus.goldenboot",
            "certificate_hash": "5ed8f04a2787af095786f06f146c5cb807ef9f00"
          }
        },
        {
          "client_id": "1067719693166-mj0mqsluipk92qif2s5igjfm233plud2.apps.googleusercontent.com",
          "client_type": 3
        }
      ],
      "api_key": [
        {
          "current_key": "AIzaSyBBQHxZCKrlGtbE5Qxn-_fj6ofZ2N6Ewbk"
        }
      ],
      "services": {
        "analytics_service": {
          "status": 1
        },
        "appinvite_service": {
          "status": 2,
          "other_platform_oauth_client": [
            {
              "client_id": "1067719693166-mj0mqsluipk92qif2s5igjfm233plud2.apps.googleusercontent.com",
              "client_type": 3
            }
          ]
        },
        "ads_service": {
          "status": 2
        }
      }
    }
  ],
  "configuration_version": "1"
}